date,model,hhi,max_weight,n_eff
2020-01-31,A_ceil_CVaR,0.11799028140304778,0.21241935610121865,8.475274303178068
2020-02-28,A_ceil_CVaR,0.17540348059586558,0.26310188476811414,5.70114114385237
2020-03-31,A_ceil_CVaR,0.45138928181692156,0.6393226347816429,2.21538268692341
2020-04-30,A_ceil_CVaR,0.43890042937621204,0.6295923036452341,2.27842110207377
2020-05-29,A_ceil_CVaR,0.37777041838886616,0.5669221428595708,2.6471103911863962
2020-06-30,A_ceil_CVaR,0.7528640268801313,0.8604528406818615,1.3282610993435298
2020-07-31,A_ceil_CVaR,0.5223846623388919,0.6802005250451284,1.914298163967264
2020-08-31,A_ceil_CVaR,0.34990987037823074,0.5370801106900359,2.857878798671962
2020-09-30,A_ceil_CVaR,0.3485357878098403,0.5398758538655498,2.8691458236868232
2020-10-30,A_ceil_CVaR,0.01,0.01,100.0
2020-11-30,A_ceil_CVaR,0.01,0.01,100.0
2020-12-31,A_ceil_CVaR,0.01,0.01,100.0
2021-01-29,A_ceil_CVaR,0.3461608536792852,0.5459580676068746,2.888830407514799
2021-02-26,A_ceil_CVaR,0.3591397150907433,0.5484778168931341,2.784431679318261
2021-03-31,A_ceil_CVaR,0.01,0.01,100.0
2021-04-30,A_ceil_CVaR,0.1454224565216671,0.24620055565595883,6.876517038144008
2021-05-28,A_ceil_CVaR,0.20320871933182624,0.30980007929750597,4.921048679840686
2021-06-30,A_ceil_CVaR,0.18803066650765166,0.3094510507549684,5.318281419585918
2021-07-30,A_ceil_CVaR,0.192866738193416,0.31289773499676826,5.184927216413813
2021-08-31,A_ceil_CVaR,0.01,0.01,100.0
2021-09-30,A_ceil_CVaR,0.01,0.01,100.0
2021-10-29,A_ceil_CVaR,0.01,0.01,100.0
2021-11-30,A_ceil_CVaR,0.0576539382608521,0.134741781688756,17.344868887803546
2021-12-31,A_ceil_CVaR,0.10435529707623667,0.2328254746477592,9.582647244724443
2022-01-31,A_ceil_CVaR,0.08717267207424453,0.1822819636146607,11.471484998742552
2022-02-28,A_ceil_CVaR,0.01,0.01,100.0
2022-03-31,A_ceil_CVaR,0.07939593704872948,0.18933276868704668,12.595102938154723
2022-04-29,A_ceil_CVaR,0.08616302470202704,0.18459945703883895,11.60590640194267
2022-05-31,A_ceil_CVaR,0.117117323115722,0.24666286105300594,8.538446520092625
2022-06-30,A_ceil_CVaR,0.01,0.01,100.0
2022-07-29,A_ceil_CVaR,0.12063642107579946,0.2689830465400526,8.289370582136801
2022-08-31,A_ceil_CVaR,0.1240782315977007,0.25828652882463426,8.05943143389006
2022-09-30,A_ceil_CVaR,0.01,0.01,100.0
2022-10-31,A_ceil_CVaR,0.14582833327233305,0.22425788297086902,6.857377970113046
2022-11-30,A_ceil_CVaR,0.14848224092280082,0.25521544795556567,6.734812148477217
2022-12-30,A_ceil_CVaR,0.1242147947590576,0.21967488778957261,8.05057080309736
2023-01-31,A_ceil_CVaR,0.01,0.01,100.0
2023-02-28,A_ceil_CVaR,0.01,0.01,100.0
2023-03-31,A_ceil_CVaR,0.10578700222237808,0.20172592001542783,9.452957159121208
2023-04-28,A_ceil_CVaR,0.01,0.01,100.0
2023-05-31,A_ceil_CVaR,0.13592942304919578,0.2959891771004518,7.356758953049322
2023-06-30,A_ceil_CVaR,0.01,0.01,100.0
2023-07-31,A_ceil_CVaR,0.10102215708984753,0.22716024941667592,9.898818524639259
2023-08-31,A_ceil_CVaR,0.1087366550225498,0.1930210642073899,9.19653082755415
2023-09-29,A_ceil_CVaR,0.01,0.01,100.0
2023-10-31,A_ceil_CVaR,0.01,0.01,100.0
2023-11-30,A_ceil_CVaR,0.01,0.01,100.0
2023-12-29,A_ceil_CVaR,0.01,0.01,100.0
2024-01-31,A_ceil_CVaR,0.01,0.01,100.0
2024-02-29,A_ceil_CVaR,0.01,0.01,100.0
2024-03-28,A_ceil_CVaR,0.01,0.01,100.0
2024-04-30,A_ceil_CVaR,0.04265923903478104,0.08197569134382864,23.44158083046623
2024-05-31,A_ceil_CVaR,0.05200251136438388,0.11281367810387394,19.22984051660421
2024-06-28,A_ceil_CVaR,0.01,0.01,100.0
2024-07-31,A_ceil_CVaR,0.045992000134608635,0.10720360588051252,21.742911747112895
2024-08-30,A_ceil_CVaR,0.01,0.01,100.0
2024-09-30,A_ceil_CVaR,0.01,0.01,100.0
2024-10-31,A_ceil_CVaR,0.0597436632103294,0.1575916692795345,16.738176841943375
2024-11-29,A_ceil_CVaR,0.01,0.01,100.0
2024-12-31,A_ceil_CVaR,0.01,0.01,100.0
2020-01-31,B_fixed_kappa,0.2468150307385551,0.4546938596110043,4.051617103738202
2020-02-28,B_fixed_kappa,0.16903509161694516,0.3133217967999938,5.915931363329729
2020-03-31,B_fixed_kappa,0.01,0.01,100.0
2020-04-30,B_fixed_kappa,0.3062170299972769,0.4693293318345518,3.265657693854887
2020-05-29,B_fixed_kappa,0.2532751778634679,0.3951975427358536,3.948274791219636
2020-06-30,B_fixed_kappa,0.2583943903364784,0.39522196652977726,3.8700530560969644
2020-07-31,B_fixed_kappa,0.24504224934226537,0.3859145600026351,4.080928911990354
2020-08-31,B_fixed_kappa,0.25377021966700125,0.37940073340821334,3.9405727012105904
2020-09-30,B_fixed_kappa,0.2455492765627389,0.3467394991448775,4.072502326206185
2020-10-30,B_fixed_kappa,0.2442459550183034,0.34559852809969116,4.094233617605097
2020-11-30,B_fixed_kappa,0.27830476523565295,0.42508725896840494,3.5931831751183125
2020-12-31,B_fixed_kappa,0.24356906690502284,0.37087542953978936,4.105611655481439
2021-01-29,B_fixed_kappa,0.2528778709120277,0.37087542746184254,3.9544780901286716
2021-02-26,B_fixed_kappa,0.01,0.01,100.0
2021-03-31,B_fixed_kappa,0.21575651526089998,0.3260552764813367,4.634854242017983
2021-04-30,B_fixed_kappa,0.01,0.01,100.0
2021-05-28,B_fixed_kappa,0.21346813931058387,0.3489520751239423,4.684539825144855
2021-06-30,B_fixed_kappa,0.01,0.01,100.0
2021-07-30,B_fixed_kappa,0.01,0.01,100.0
2021-08-31,B_fixed_kappa,0.15504228916891055,0.3437022891702884,6.449853168193045
2021-09-30,B_fixed_kappa,0.01,0.01,100.0
2021-10-29,B_fixed_kappa,0.01,0.01,100.0
2021-11-30,B_fixed_kappa,0.01,0.01,100.0
2021-12-31,B_fixed_kappa,0.01,0.01,100.0
2022-01-31,B_fixed_kappa,0.01,0.01,100.0
2022-02-28,B_fixed_kappa,0.01,0.01,100.0
2022-03-31,B_fixed_kappa,0.01,0.01,100.0
2022-04-29,B_fixed_kappa,0.01,0.01,100.0
2022-05-31,B_fixed_kappa,0.01,0.01,100.0
2022-06-30,B_fixed_kappa,0.01,0.01,100.0
2022-07-29,B_fixed_kappa,0.1206088279522709,0.2020320386865473,8.291267040549757
2022-08-31,B_fixed_kappa,0.01,0.01,100.0
2022-09-30,B_fixed_kappa,0.01,0.01,100.0
2022-10-31,B_fixed_kappa,0.01,0.01,100.0
2022-11-30,B_fixed_kappa,0.01,0.01,100.0
2022-12-30,B_fixed_kappa,0.01,0.01,100.0
2023-01-31,B_fixed_kappa,0.01,0.01,100.0
2023-02-28,B_fixed_kappa,0.01,0.01,100.0
2023-03-31,B_fixed_kappa,0.01,0.01,100.0
2023-04-28,B_fixed_kappa,0.01,0.01,100.0
2023-05-31,B_fixed_kappa,0.01,0.01,100.0
2023-06-30,B_fixed_kappa,0.01,0.01,100.0
2023-07-31,B_fixed_kappa,0.01,0.01,100.0
2023-08-31,B_fixed_kappa,0.01,0.01,100.0
2023-09-29,B_fixed_kappa,0.01,0.01,100.0
2023-10-31,B_fixed_kappa,0.01,0.01,100.0
2023-11-30,B_fixed_kappa,0.01,0.01,100.0
2023-12-29,B_fixed_kappa,0.01,0.01,100.0
2024-01-31,B_fixed_kappa,0.01,0.01,100.0
2024-02-29,B_fixed_kappa,0.01,0.01,100.0
2024-03-28,B_fixed_kappa,0.01,0.01,100.0
2024-04-30,B_fixed_kappa,0.01,0.01,100.0
2024-05-31,B_fixed_kappa,0.01,0.01,100.0
2024-06-28,B_fixed_kappa,0.01,0.01,100.0
2024-07-31,B_fixed_kappa,0.01,0.01,100.0
2024-08-30,B_fixed_kappa,0.01,0.01,100.0
2024-09-30,B_fixed_kappa,0.09582660614554005,0.23525519564385658,10.435515147862114
2024-10-31,B_fixed_kappa,0.01,0.01,100.0
2024-11-29,B_fixed_kappa,0.01,0.01,100.0
2024-12-31,B_fixed_kappa,0.01,0.01,100.0
2020-01-31,C_default,0.01,0.01,100.0
2020-02-28,C_default,0.01,0.01,100.0
2020-03-31,C_default,0.2173646101509276,0.30661505928811544,4.600564918574592
2020-04-30,C_default,0.01,0.01,100.0
2020-05-29,C_default,0.2311707301419737,0.3370016862876082,4.32580716159805
2020-06-30,C_default,0.01,0.01,100.0
2020-07-31,C_default,0.22635968190704023,0.3025246466976077,4.417747858519578
2020-08-31,C_default,0.23037947088937624,0.30214209198847125,4.340664539854685
2020-09-30,C_default,0.23032879286041752,0.30198142443646464,4.341619593369788
2020-10-30,C_default,0.23098090992329703,0.3019907658478402,4.329362111925505
2020-11-30,C_default,0.22964653674267516,0.29606749640498586,4.354518096306088
2020-12-31,C_default,0.2301268520271377,0.2961700877005842,4.345429449850012
2021-01-29,C_default,0.2313096911049717,0.29621042513363316,4.323208401787997
2021-02-26,C_default,0.3333607428246381,0.5099658472200441,2.999753334861155
2021-03-31,C_default,0.2598929033820631,0.39917675937810726,3.847738768495425
2021-04-30,C_default,0.01,0.01,100.0
2021-05-28,C_default,0.20524699574529237,0.32659976830340787,4.872178500683055
2021-06-30,C_default,0.2204410233863473,0.365633794182102,4.536360721966842
2021-07-30,C_default,0.21146453577928062,0.3734603263336615,4.728925331686659
2021-08-31,C_default,0.01,0.01,100.0
2021-09-30,C_default,0.01,0.01,100.0
2021-10-29,C_default,0.01,0.01,100.0
2021-11-30,C_default,0.0737558890987716,0.16326303587915672,13.55823937883565
2021-12-31,C_default,0.01,0.01,100.0
2022-01-31,C_default,0.01,0.01,100.0
2022-02-28,C_default,0.01,0.01,100.0
2022-03-31,C_default,0.01,0.01,100.0
2022-04-29,C_default,0.01,0.01,100.0
2022-05-31,C_default,0.01,0.01,100.0
2022-06-30,C_default,0.01,0.01,100.0
2022-07-29,C_default,0.01,0.01,100.0
2022-08-31,C_default,0.01,0.01,100.0
2022-09-30,C_default,0.01,0.01,100.0
2022-10-31,C_default,0.10581618390893008,0.25499381798033394,9.450350249453738
2022-11-30,C_default,0.01,0.01,100.0
2022-12-30,C_default,0.01,0.01,100.0
2023-01-31,C_default,0.01,0.01,100.0
2023-02-28,C_default,0.01,0.01,100.0
2023-03-31,C_default,0.13720410042721495,0.26023614020298386,7.288411912517785
2023-04-28,C_default,0.1351033286313211,0.23612529487077155,7.4017421341917204
2023-05-31,C_default,0.15854494672479533,0.23611041899759952,6.307359651997076
2023-06-30,C_default,0.15946530585741792,0.23611042321712536,6.270956523258583
2023-07-31,C_default,0.01,0.01,100.0
2023-08-31,C_default,0.01,0.01,100.0
2023-09-29,C_default,0.01,0.01,100.0
2023-10-31,C_default,0.01,0.01,100.0
2023-11-30,C_default,0.01,0.01,100.0
2023-12-29,C_default,0.01,0.01,100.0
2024-01-31,C_default,0.01,0.01,100.0
2024-02-29,C_default,0.01,0.01,100.0
2024-03-28,C_default,0.01,0.01,100.0
2024-04-30,C_default,0.01,0.01,100.0
2024-05-31,C_default,0.01,0.01,100.0
2024-06-28,C_default,0.01,0.01,100.0
2024-07-31,C_default,0.01,0.01,100.0
2024-08-30,C_default,0.01,0.01,100.0
2024-09-30,C_default,0.01,0.01,100.0
2024-10-31,C_default,0.06385565662747074,0.13443830732855547,15.660319740096439
2024-11-29,C_default,0.01,0.01,100.0
2024-12-31,C_default,0.01,0.01,100.0
2020-01-31,C_stable,0.0693504516494206,0.09999999999999999,14.419516761840075
2020-02-28,C_stable,0.08573030859498605,0.09999999999999998,11.664486182177177
2020-03-31,C_stable,0.09016215426640216,0.09999999999999978,11.091128069603345
2020-04-30,C_stable,0.09069804086924002,0.09999999999999987,11.025596478337462
2020-05-29,C_stable,0.09111718344737296,0.09999999999999985,10.974878306873647
2020-06-30,C_stable,0.09506396782154605,0.09999999999999988,10.519232711569526
2020-07-31,C_stable,0.09331967234098205,0.09999999999999976,10.715854170019865
2020-08-31,C_stable,0.0921693909610066,0.09999999999999992,10.84958888817072
2020-09-30,C_stable,0.09345839309389267,0.100000000000004,10.699948574927383
2020-10-30,C_stable,0.09347842427327277,0.0999999999999999,10.697655718678163
2020-11-30,C_stable,0.09457404347889051,0.1,10.573725762536588
2020-12-31,C_stable,0.09381335809022787,0.09999999999999985,10.65946279247588
2021-01-29,C_stable,0.09330912425026298,0.10000000000000002,10.717065539249036
2021-02-26,C_stable,0.0933741196089821,0.09999999999999996,10.7096056614793
2021-03-31,C_stable,0.09071665069172537,0.09999999999999996,11.023334662103151
2021-04-30,C_stable,0.08841730424162711,0.09999999999999996,11.310003268898548
2021-05-28,C_stable,0.08249846729334037,0.09999999999999996,12.12143731645696
2021-06-30,C_stable,0.0754441643575747,0.09999999999999998,13.254835659129395
2021-07-30,C_stable,0.07460629836872097,0.09999999999999996,13.403694083008608
2021-08-31,C_stable,0.06940159717034043,0.09999999999999996,14.40889029607753
2021-09-30,C_stable,0.06332616635032554,0.09992201660697553,15.791260668898195
2021-10-29,C_stable,0.06211162075868389,0.09999999999999998,16.10004678327749
2021-11-30,C_stable,0.061069428953535565,0.09983393424785394,16.374805154324367
2021-12-31,C_stable,0.06186967746968805,0.09999999999999998,16.1630065146199
2022-01-31,C_stable,0.056733062928515834,0.09999999999999996,17.62640598587122
2022-02-28,C_stable,0.05432606239620331,0.10000000000000561,18.407371266979347
2022-03-31,C_stable,0.05427926425986531,0.09999999999999998,18.423241612348292
2022-04-29,C_stable,0.055860833967275876,0.09999999999999998,17.901630337023168
2022-05-31,C_stable,0.07516633445973775,0.09999999999990246,13.3038281989877
2022-06-30,C_stable,0.07896313967130464,0.09999999999999996,12.664136762578629
2022-07-29,C_stable,0.07758681644223331,0.09999999999999996,12.888787629848721
2022-08-31,C_stable,0.07696749998143652,0.10000000000010187,12.992496836212505
2022-09-30,C_stable,0.07152207410397654,0.09999999999999992,13.98169743436455
2022-10-31,C_stable,0.07277731677485266,0.09999999999999994,13.740545053256733
2022-11-30,C_stable,0.07274923159077842,0.1000000000000021,13.74584965550012
2022-12-30,C_stable,0.07712721618331915,0.09999999999999996,12.965591777916096
2023-01-31,C_stable,0.07702444542592343,0.09999999999999996,12.98289126874309
2023-02-28,C_stable,0.0772628565073746,0.09999999999979363,12.94282977881554
2023-03-31,C_stable,0.07751090502319745,0.09999999999999996,12.901410449287363
2023-04-28,C_stable,0.07533295520443416,0.09999999999999998,13.27440291285877
2023-05-31,C_stable,0.06906874532133454,0.09999999999999996,14.478328733895669
2023-06-30,C_stable,0.0676310148526818,0.09999999999999999,14.786115544447528
2023-07-31,C_stable,0.06846351599906181,0.09999999999999995,14.606319663946321
2023-08-31,C_stable,0.06990394581050967,0.09999999999999994,14.305344117637143
2023-09-29,C_stable,0.06993209388010717,0.09999999999999998,14.299586134435183
2023-10-31,C_stable,0.06436117392785917,0.09999999999999998,15.537317593381298
2023-11-30,C_stable,0.05604853378635239,0.1,17.841679923543268
2023-12-29,C_stable,0.055539320608214274,0.1,18.00526166054865
2024-01-31,C_stable,0.05427492180800868,0.1,18.424715627180184
2024-02-29,C_stable,0.046983458494040564,0.09999999999999995,21.28408661373537
2024-03-28,C_stable,0.045827130969095325,0.09999999999999996,21.821134748199164
2024-04-30,C_stable,0.04682683400796954,0.0934863447040022,21.355276759257485
2024-05-31,C_stable,0.05262811327667408,0.09942722458081658,19.001251189508665
2024-06-28,C_stable,0.051137695380102814,0.09551224280897976,19.555046283706606
2024-07-31,C_stable,0.0534697321516051,0.09590377236485435,18.702169615599637
2024-08-30,C_stable,0.0559980778249624,0.09335375677604547,17.857755816651043
2024-09-30,C_stable,0.05765758896382111,0.08654230187347797,17.343770663519738
2024-10-31,C_stable,0.05382475102608116,0.09998168168604983,18.578813295679584
2024-11-29,C_stable,0.056466101383284346,0.09980462362177912,17.70974045493479
2024-12-31,C_stable,0.05893395347341611,0.09999999999999998,16.968147240471136
